{
  "sys": {
    "omegaS": [8.7230791270703723, 26.007058474013096, 41.001640091074435, 50.109459473913851, 57.777151185539495],
    "zetaS": [0.05066745709709481, 0.045595902895088671, 0.049930980158224385, 0.049288521250852667, 0.048344890904361171],
    "PhiS": [
      [[0.084939771476104278, -0.4456372618513087], [-1.0431003091145921, -1.4353739091937616], [2.8412489159451604, -1.7970214166422624], [-2.7002389759557071, -2.0338320909009173], [-1.3318125412106099, 0.26280314172596114]],
      [[0.27462490741409795, -1.447524938181751], [-1.0286852588309037, -1.4045416152651817], [-2.0922414342220939, 1.3382537925754856], [0.10285338573885991, 0.016289477074453308], [-3.8791895345121135, 0.64025068070906654]],
      [[0.36594429278786461, -1.8722903254477108], [1.5231695080061607, 2.0689283513290566], [1.7016185215414477, -1.0607912756322033], [1.6378319518017672, 1.2932476076360899], [-1.318126843121078, 0.23694302764958078]]
    ],
    "Fs": 100,
    "otype": 2
  }
}